Workbook

Sheet Опросник
B2: Имя: | J2: Пол:
B4: Возраст:
B6: Образование:
B8: Дата:
B10: Инструкция:
B12: Ниже перечислены утверждения, с помощью которых Вы можете описать себя. Пожалуйста, прочитайте каждое утверждение и решите, насколько точно оно Вас характеризует. Если Вы не уверены, как ответить, основывайте свой ответ на том, как Вы ЧУВСТВУЕТЕ, а не на том, что Вы считаете правильным.
B14: Выберите подходящий вариант ответа и поставьте соответсвующий номер напротив утверждения.
B16: 1 = Абсолютно не соответствует | F16: 4 = В общем, соответствует
B17: 2 = По большей части не соответствует | F17: 5 = По большей части соотвествует
B18: 3 = Скорее соответствует, чем нет | F18: 6 = Полностью соответствует
B20: Утверждение: | Q20: Балл
B22: 1. Рядом со мной не было человека, который бы обо мне заботился, проявлял участие и искренний интерес ко всему, что происходило со мной | Q22: 4
B24: 2. Я «цепляюсь» за близких мне людей, так как боюсь, что они меня покинут | Q24: 4
B26: 3. Мне кажется, что другие люди меня используют | Q26: 4
B28: 4. Я не вписываюсь ни в одну из компаний | Q28: 4
B30: 5. Ни один человек, к которому я испытываю влечение, не мог бы полюбить меня, если бы узнал о моих недостатках | Q30: 2
B32: 6. Почти всё, что я делаю на работе (в учебе) не так хорошо, как это могли бы сделать другие люди | Q32: 1
B34: 7. Думаю, что я не способен самостоятельно справляться с повседневными делами | Q34: 2
B36: 8. Я не могу избавиться от ощущения, что должно случиться что-то плохое | Q36: 4
B38: 9. Я не смог «отделиться» от своих родителей в той мере, в какой это сделали мои сверстники | Q38: 2
B40: 10. Я думаю, что если я буду делать только то, что мне хочется, это непременно приведет к неприятностям | Q40: 2
B42: 11. В конце концов, именно мне приходится заботиться о моих близких | Q42: 3
B45: 1 = Абсолютно не соответствует | F45: 4 = В общем, соответствует
B46: 2 = По большей части не соответствует | F46: 5 = По большей части соотвествует
B47: 3 = Скорее соответствует, чем нет | F47: 6 = Полностью соответствует
B49: Утверждение: | Q49: Балл
B51: 12. Я слишком застенчив, чтобы проявлять свою симпатию (внимание или привязанность) к другим людям | Q51: 2
B53: 13. Я должен быть лучшим во всем, что я делаю, и не могу быть хуже других | Q53: 4
B55: 14. Мне очень трудно принять «нет» в качестве ответа, если я чего-нибудь хочу от других людей | Q55: 2
B57: 15. Я не могу заставить себя выполнять рутинные или скучные задания | Q57: 3
B59: 16. Знакомство с важными людьми и наличие денег дают мне ощущение собственной значимости | Q59: 2
B61: 17. Даже когда дела идут хорошо, у меня такое ощущение, что это ненадолго | Q61: 4
B63: 18. Если я допущу ошибку, то должен быть наказан | Q63: 2
B65: 19. Я не знаю таких людей, которые давали бы мне тепло, любовь и заботу | Q65: 1
B67: 20. Я так сильно нуждаюсь в других людях, что боюсь их потерять | Q67: 4
B69: 21. Я чувствую, что не могу ослабить свою защиту и вести себя естественно в присутствии других людей, так как они могут причинить мне боль | Q69: 3
B71: 22. Я очень сильно отличаюсь от других людей | Q71: 3
B74: 1 = Абсолютно не соответствует | F74: 4 = В общем, соответствует
B75: 2 = По большей части не соответствует | F75: 5 = По большей части соотвествует
B76: 3 = Скорее соответствует, чем нет | F76: 6 = Полностью соответствует
B78: Утверждение: | Q78: Балл
B80: 23. Никто, о ком я мечтаю, не захотел бы остаться рядом со мной, если бы узнал, какой я на самом деле | Q80: 1
B82: 24. Я неспособен добиться успеха | Q82: 2
B84: 25. В повседневной жизни я во многом завишу от других людей | Q84: 3
B86: 26. Я полагаю, что в любой момент может произойти нечто ужасное (природная катастрофа, преступление, финансовый кризис или несчастный случай) | Q86: 4
B88: 27. Я и мои родители склонны (были склонны) принимать излишнее участие в жизни и решении проблем друг друга | Q88: 3
B90: 28. Я чувствую, что я должен уступать желаниям других людей, иначе они могут отвергнуть меня или как-то отомстить | Q90: 5
B92: 29. Я - хороший человек, так как думаю о других больше, чем о себе | Q92: 4
B94: 30. Мне неловко показывать другим свои чувства | Q94: 4
B96: 31. Я стараюсь делать все как можно лучше и не приемлю, когда говорят «…и так уже достаточно хорошо…» | Q96: 4
B98: 32. Я особенный человек и не обязан подчиняться многим ограничениям, установленным для других людей | Q98: 2
B100: 33. Если мне не удается достичь цели, я легко отчаиваюсь и сдаюсь | Q100: 1
B103: 1 = Абсолютно не соответствует | F103: 4 = В общем, соответствует
B104: 2 = По большей части не соответствует | F104: 5 = По большей части соотвествует
B105: 3 = Скорее соответствует, чем нет | F105: 6 = Полностью соответствует
B107: Утверждение: | Q107: Балл
B109: 34. Достижения имеют для меня наибольшую ценность, если их замечают другие люди | Q109: 4
B111: 35. Когда случается что-то хорошее, я жду, что должно случиться что-то плохое | Q111: 3
B113: 36. Если я не буду стараться изо всех сил, то у меня обязательно будут неприятности | Q113: 3
B115: 37. Я никогда не чувствовал, что я был кем-то особенным для другого человека | Q115: 1
B117: 38. Я опасаюсь, что мои близкие покинут или «бросят» меня | Q117: 3
B119: 39. Думаю, что рано или поздно, кто-нибудь меня обязательно предаст | Q119: 3
B121: 40. Я – одиночка, и не принадлежу ни к какому «кругу» | Q121: 4
B123: 41. Я недостоин любви, внимания или уважения других людей | Q123: 1
B125: 42. Большинство людей достигают лучших результатов в работе, чем я | Q125: 2
B127: 43. Мне не хватает здравого смысла | Q127: 2
B129: 44. Я боюсь, что на меня могут напасть | Q129: 4
B132: 1 = Абсолютно не соответствует | F132: 4 = В общем, соответствует
B133: 2 = По большей части не соответствует | F133: 5 = По большей части соотвествует
B134: 3 = Скорее соответствует, чем нет | F134: 6 = Полностью соответствует
B136: Утверждение: | Q136: Балл
B138: 45. Мне всегда было очень трудно скрывать от родителей подробности личной жизни, не испытывая при этом чувства вины | Q138: 4
B140: 46. В отношениях с другими людьми я легко соглашаюсь быть на вторых ролях | Q140: 2
B142: 47. Я так занят делами моих близких, что у меня не остается времени для себя | Q142: 3
B144: 48. Мне трудно быть раскованным и непосредственным с другими людьми | Q144: 3
B146: 49. Я должен выполнять все свои обязательства | Q146: 5
B148: 50. Я терпеть не могу, когда меня ограничивают или не дают делать то, что я хочу | Q148: 4
B150: 51. Мне очень трудно отказывать себе в удовлетворении сиюминутных желаний ради достижения отдаленной цели | Q150: 4
B152: 52. Когда я не получаю повышенного внимания, я чувствую себя недостаточно значимым человеком | Q152: 2
B154: 53. Невозможно всё предусмотреть - что-нибудь обязательно пойдёт не так | Q154: 4
B156: 54. Если я не сделаю какую-либо работу как следует, то должен буду отвечать за последствия | Q156: 4
B158: 55. У меня никогда не было человека, который бы по-настоящему выслушивал и понимал меня или интересовался моими истинными потребностями и чувствами | Q158: 3
B161: 1 = Абсолютно не соответствует | F161: 4 = В общем, соответствует
B162: 2 = По большей части не соответствует | F162: 5 = По большей части соотвествует
B163: 3 = Скорее соответствует, чем нет | F163: 6 = Полностью соответствует
B165: Утверждение: | Q165: Балл
B167: 56. Когда я чувствую, что близкий человек отдаляется или уходит от меня, я впадаю в отчаяние | Q167: 4
B169: 57. Я очень подозрительно отношусь к тому, какими мотивами руководствуются другие люди | Q169: 5
B171: 58. Я чувствую себя отчужденным или изолированным от других людей | Q171: 2
B173: 59. Мне кажется, что меня нельзя полюбить | Q173: 2
B175: 60. В работе я не так талантлив, как большинство других людей | Q175: 2
B177: 61. В житейских ситуациях на мое мнение нельзя полагаться | Q177: 2
B179: 62. Я боюсь, что потеряю все деньги или останусь без средств к существованию | Q179: 4
B181: 63. Я чувствую, что живу не собственной жизнью, а так, как хотели бы от меня мои родители | Q181: 3
B183: 64. Так как решения за меня всегда принимали другие, то теперь я сам не знаю, чего хочу на самом деле | Q183: 1
B185: 65. Мне всегда приходится выслушивать проблемы других людей | Q185: 4
B187: 66. Я так сильно контролирую себя, что меня считают неэмоциональным или бесчувственным | Q187: 3
B190: 1 = Абсолютно не соответствует | F190: 4 = В общем, соответствует
B191: 2 = По большей части не соответствует | F191: 5 = По большей части соотвествует
B192: 3 = Скорее соответствует, чем нет | F192: 6 = Полностью соответствует
...

Sheet Результаты
B2: Имя: | C2: =Опросник!E2 | G2: Пол: | H2: =Опросник!M2
B4: Дата: | C4: =Опросник!E8
B6: № вопроса | C6: Балл | D6: Схема | E6: 5 | F6: 6 | G6: 5 или 6
B7: 1 | C7: =Опросник!Q22 | D7: ЭД | E7: =IF(C7=5,1,0) | F7: =IF(C7=6,1,0) | G7: =E7+F7
B8: 2 | C8: =Опросник!Q24 | D8: ПН | E8: =IF(C8=5,1,0) | F8: =IF(C8=6,1,0) | G8: =E8+F8
B9: 3 | C9: =Опросник!Q26 | D9: НН | E9: =IF(C9=5,1,0) | F9: =IF(C9=6,1,0) | G9: =E9+F9
B10: 4 | C10: =Опросник!Q28 | D10: СИО | E10: =IF(C10=5,1,0) | F10: =IF(C10=6,1,0) | G10: =E10+F10
B11: 5 | C11: =Опросник!Q30 | D11: ДС | E11: =IF(C11=5,1,0) | F11: =IF(C11=6,1,0) | G11: =E11+F11
B12: 6 | C12: =Опросник!Q32 | D12: НО | E12: =IF(C12=5,1,0) | F12: =IF(C12=6,1,0) | G12: =E12+F12
B13: 7 | C13: =Опросник!Q34 | D13: ЗН | E13: =IF(C13=5,1,0) | F13: =IF(C13=6,1,0) | G13: =E13+F13
B14: 8 | C14: =Опросник!Q36 | D14: У | E14: =IF(C14=5,1,0) | F14: =IF(C14=6,1,0) | G14: =E14+F14
B15: 9 | C15: =Опросник!Q38 | D15: СДНЯ | E15: =IF(C15=5,1,0) | F15: =IF(C15=6,1,0) | G15: =E15+F15
B16: 10 | C16: =Опросник!Q40 | D16: ПП | E16: =IF(C16=5,1,0) | F16: =IF(C16=6,1,0) | G16: =E16+F16
B17: 11 | C17: =Опросник!Q42 | D17: С | E17: =IF(C17=5,1,0) | F17: =IF(C17=6,1,0) | G17: =E17+F17
B18: 12 | C18: =Опросник!Q51 | D18: ПЭ | E18: =IF(C18=5,1,0) | F18: =IF(C18=6,1,0) | G18: =E18+F18
B19: 13 | C19: =Опросник!Q53 | D19: ЖС | E19: =IF(C19=5,1,0) | F19: =IF(C19=6,1,0) | G19: =E19+F19
B20: 14 | C20: =Опросник!Q55 | D20: ПГ | E20: =IF(C20=5,1,0) | F20: =IF(C20=6,1,0) | G20: =E20+F20
B21: 15 | C21: =Опросник!Q57 | D21: НС | E21: =IF(C21=5,1,0) | F21: =IF(C21=6,1,0) | G21: =E21+F21
B22: 16 | C22: =Опросник!Q59 | D22: ПО | E22: =IF(C22=5,1,0) | F22: =IF(C22=6,1,0) | G22: =E22+F22
B23: 17 | C23: =Опросник!Q61 | D23: НП | E23: =IF(C23=5,1,0) | F23: =IF(C23=6,1,0) | G23: =E23+F23
B24: 18 | C24: =Опросник!Q63 | D24: ПК | E24: =IF(C24=5,1,0) | F24: =IF(C24=6,1,0) | G24: =E24+F24
B25: 19 | C25: =Опросник!Q65 | D25: ЭД | E25: =IF(C25=5,1,0) | F25: =IF(C25=6,1,0) | G25: =E25+F25
B26: 20 | C26: =Опросник!Q67 | D26: ПН | E26: =IF(C26=5,1,0) | F26: =IF(C26=6,1,0) | G26: =E26+F26
B27: 21 | C27: =Опросник!Q69 | D27: НН | E27: =IF(C27=5,1,0) | F27: =IF(C27=6,1,0) | G27: =E27+F27
B28: 22 | C28: =Опросник!Q71 | D28: СИО | E28: =IF(C28=5,1,0) | F28: =IF(C28=6,1,0) | G28: =E28+F28
B29: 23 | C29: =Опросник!Q80 | D29: ДС | E29: =IF(C29=5,1,0) | F29: =IF(C29=6,1,0) | G29: =E29+F29
B30: 24 | C30: =Опросник!Q82 | D30: НО | E30: =IF(C30=5,1,0) | F30: =IF(C30=6,1,0) | G30: =E30+F30
B31: 25 | C31: =Опросник!Q84 | D31: ЗН | E31: =IF(C31=5,1,0) | F31: =IF(C31=6,1,0) | G31: =E31+F31
B32: 26 | C32: =Опросник!Q86 | D32: У | E32: =IF(C32=5,1,0) | F32: =IF(C32=6,1,0) | G32: =E32+F32
B33: 27 | C33: =Опросник!Q88 | D33: СДНЯ | E33: =IF(C33=5,1,0) | F33: =IF(C33=6,1,0) | G33: =E33+F33
B34: 28 | C34: =Опросник!Q90 | D34: ПП | E34: =IF(C34=5,1,0) | F34: =IF(C34=6,1,0) | G34: =E34+F34
B35: 29 | C35: =Опросник!Q92 | D35: С | E35: =IF(C35=5,1,0) | F35: =IF(C35=6,1,0) | G35: =E35+F35
B36: 30 | C36: =Опросник!Q94 | D36: ПЭ | E36: =IF(C36=5,1,0) | F36: =IF(C36=6,1,0) | G36: =E36+F36
B37: 31 | C37: =Опросник!Q96 | D37: ЖС | E37: =IF(C37=5,1,0) | F37: =IF(C37=6,1,0) | G37: =E37+F37
B38: 32 | C38: =Опросник!Q98 | D38: ПГ | E38: =IF(C38=5,1,0) | F38: =IF(C38=6,1,0) | G38: =E38+F38
B39: 33 | C39: =Опросник!Q100 | D39: НС | E39: =IF(C39=5,1,0) | F39: =IF(C39=6,1,0) | G39: =E39+F39
B40: 34 | C40: =Опросник!Q109 | D40: ПО | E40: =IF(C40=5,1,0) | F40: =IF(C40=6,1,0) | G40: =E40+F40
B41: 35 | C41: =Опросник!Q111 | D41: НП | E41: =IF(C41=5,1,0) | F41: =IF(C41=6,1,0) | G41: =E41+F41
B42: 36 | C42: =Опросник!Q113 | D42: ПК | E42: =IF(C42=5,1,0) | F42: =IF(C42=6,1,0) | G42: =E42+F42
B43: 37 | C43: =Опросник!Q115 | D43: ЭД | E43: =IF(C43=5,1,0) | F43: =IF(C43=6,1,0) | G43: =E43+F43
B44: 38 | C44: =Опросник!Q117 | D44: ПН | E44: =IF(C44=5,1,0) | F44: =IF(C44=6,1,0) | G44: =E44+F44
B45: 39 | C45: =Опросник!Q119 | D45: НН | E45: =IF(C45=5,1,0) | F45: =IF(C45=6,1,0) | G45: =E45+F45
B46: 40 | C46: =Опросник!Q121 | D46: СИО | E46: =IF(C46=5,1,0) | F46: =IF(C46=6,1,0) | G46: =E46+F46
B47: 41 | C47: =Опросник!Q123 | D47: ДС | E47: =IF(C47=5,1,0) | F47: =IF(C47=6,1,0) | G47: =E47+F47
B48: 42 | C48: =Опросник!Q125 | D48: НО | E48: =IF(C48=5,1,0) | F48: =IF(C48=6,1,0) | G48: =E48+F48
B49: 43 | C49: =Опросник!Q127 | D49: ЗН | E49: =IF(C49=5,1,0) | F49: =IF(C49=6,1,0) | G49: =E49+F49
B50: 44 | C50: =Опросник!Q129 | D50: У | E50: =IF(C50=5,1,0) | F50: =IF(C50=6,1,0) | G50: =E50+F50
B51: 45 | C51: =Опросник!Q138 | D51: СДНЯ | E51: =IF(C51=5,1,0) | F51: =IF(C51=6,1,0) | G51: =E51+F51
B52: 46 | C52: =Опросник!Q140 | D52: ПП | E52: =IF(C52=5,1,0) | F52: =IF(C52=6,1,0) | G52: =E52+F52
B53: 47 | C53: =Опросник!Q142 | D53: С | E53: =IF(C53=5,1,0) | F53: =IF(C53=6,1,0) | G53: =E53+F53
B54: 48 | C54: =Опросник!Q144 | D54: ПЭ | E54: =IF(C54=5,1,0) | F54: =IF(C54=6,1,0) | G54: =E54+F54
B55: 49 | C55: =Опросник!Q146 | D55: ЖС | E55: =IF(C55=5,1,0) | F55: =IF(C55=6,1,0) | G55: =E55+F55
B56: 50 | C56: =Опросник!Q148 | D56: ПГ | E56: =IF(C56=5,1,0) | F56: =IF(C56=6,1,0) | G56: =E56+F56
B57: 51 | C57: =Опросник!Q150 | D57: НС | E57: =IF(C57=5,1,0) | F57: =IF(C57=6,1,0) | G57: =E57+F57
B58: 52 | C58: =Опросник!Q152 | D58: ПО | E58: =IF(C58=5,1,0) | F58: =IF(C58=6,1,0) | G58: =E58+F58
B59: 53 | C59: =Опросник!Q154 | D59: НП | E59: =IF(C59=5,1,0) | F59: =IF(C59=6,1,0) | G59: =E59+F59
B60: 54 | C60: =Опросник!Q156 | D60: ПК | E60: =IF(C60=5,1,0) | F60: =IF(C60=6,1,0) | G60: =E60+F60
B61: 55 | C61: =Опросник!Q158 | D61: ЭД | E61: =IF(C61=5,1,0) | F61: =IF(C61=6,1,0) | G61: =E61+F61
B62: 56 | C62: =Опросник!Q167 | D62: ПН | E62: =IF(C62=5,1,0) | F62: =IF(C62=6,1,0) | G62: =E62+F62
B63: 57 | C63: =Опросник!Q169 | D63: НН | E63: =IF(C63=5,1,0) | F63: =IF(C63=6,1,0) | G63: =E63+F63
B64: 58 | C64: =Опросник!Q171 | D64: СИО | E64: =IF(C64=5,1,0) | F64: =IF(C64=6,1,0) | G64: =E64+F64
B65: 59 | C65: =Опросник!Q173 | D65: ДС | E65: =IF(C65=5,1,0) | F65: =IF(C65=6,1,0) | G65: =E65+F65
B66: 60 | C66: =Опросник!Q175 | D66: НО | E66: =IF(C66=5,1,0) | F66: =IF(C66=6,1,0) | G66: =E66+F66
B67: 61 | C67: =Опросник!Q177 | D67: ЗН | E67: =IF(C67=5,1,0) | F67: =IF(C67=6,1,0) | G67: =E67+F67
B68: 62 | C68: =Опросник!Q179 | D68: У | E68: =IF(C68=5,1,0) | F68: =IF(C68=6,1,0) | G68: =E68+F68
B69: 63 | C69: =Опросник!Q181 | D69: СДНЯ | E69: =IF(C69=5,1,0) | F69: =IF(C69=6,1,0) | G69: =E69+F69
B70: 64 | C70: =Опросник!Q183 | D70: ПП | E70: =IF(C70=5,1,0) | F70: =IF(C70=6,1,0) | G70: =E70+F70
B71: 65 | C71: =Опросник!Q185 | D71: С | E71: =IF(C71=5,1,0) | F71: =IF(C71=6,1,0) | G71: =E71+F71
B72: 66 | C72: =Опросник!Q187 | D72: ПЭ | E72: =IF(C72=5,1,0) | F72: =IF(C72=6,1,0) | G72: =E72+F72
B73: 67 | C73: =Опросник!Q196 | D73: ЖС | E73: =IF(C73=5,1,0) | F73: =IF(C73=6,1,0) | G73: =E73+F73
B74: 68 | C74: =Опросник!Q198 | D74: ПГ | E74: =IF(C74=5,1,0) | F74: =IF(C74=6,1,0) | G74: =E74+F74
B75: 69 | C75: =Опросник!Q200 | D75: НС | E75: =IF(C75=5,1,0) | F75: =IF(C75=6,1,0) | G75: =E75+F75
B76: 70 | C76: =Опросник!Q202 | D76: ПО | E76: =IF(C76=5,1,0) | F76: =IF(C76=6,1,0) | G76: =E76+F76
B77: 71 | C77: =Опросник!Q204 | D77: НП | E77: =IF(C77=5,1,0) | F77: =IF(C77=6,1,0) | G77: =E77+F77
B78: 72 | C78: =Опросник!Q206 | D78: ПК | E78: =IF(C78=5,1,0) | F78: =IF(C78=6,1,0) | G78: =E78+F78
B79: 73 | C79: =Опросник!Q208 | D79: ЭД | E79: =IF(C79=5,1,0) | F79: =IF(C79=6,1,0) | G79: =E79+F79
B80: 74 | C80: =Опросник!Q210 | D80: ПН | E80: =IF(C80=5,1,0) | F80: =IF(C80=6,1,0) | G80: =E80+F80
B81: 75 | C81: =Опросник!Q212 | D81: НН | E81: =IF(C81=5,1,0) | F81: =IF(C81=6,1,0) | G81: =E81+F81
B82: 76 | C82: =Опросник!Q214 | D82: СИО | E82: =IF(C82=5,1,0) | F82: =IF(C82=6,1,0) | G82: =E82+F82
B83: 77 | C83: =Опросник!Q216 | D83: ДС | E83: =IF(C83=5,1,0) | F83: =IF(C83=6,1,0) | G83: =E83+F83
B84: 78 | C84: =Опросник!Q225 | D84: НО | E84: =IF(C84=5,1,0) | F84: =IF(C84=6,1,0) | G84: =E84+F84
B85: 79 | C85: =Опросник!Q227 | D85: ЗН | E85: =IF(C85=5,1,0) | F85: =IF(C85=6,1,0) | G85: =E85+F85
B86: 80 | C86: =Опросник!Q229 | D86: У | E86: =IF(C86=5,1,0) | F86: =IF(C86=6,1,0) | G86: =E86+F86
B87: 81 | C87: =Опросник!Q231 | D87: СДНЯ | E87: =IF(C87=5,1,0) | F87: =IF(C87=6,1,0) | G87: =E87+F87
B88: 82 | C88: =Опросник!Q233 | D88: ПП | E88: =IF(C88=5,1,0) | F88: =IF(C88=6,1,0) | G88: =E88+F88
B89: 83 | C89: =Опросник!Q235 | D89: С | E89: =IF(C89=5,1,0) | F89: =IF(C89=6,1,0) | G89: =E89+F89
B90: 84 | C90: =Опросник!Q237 | D90: ПЭ | E90: =IF(C90=5,1,0) | F90: =IF(C90=6,1,0) | G90: =E90+F90
B91: 85 | C91: =Опросник!Q239 | D91: ЖС | E91: =IF(C91=5,1,0) | F91: =IF(C91=6,1,0) | G91: =E91+F91
B92: 86 | C92: =Опросник!Q241 | D92: ПГ | E92: =IF(C92=5,1,0) | F92: =IF(C92=6,1,0) | G92: =E92+F92
B93: 87 | C93: =Опросник!Q243 | D93: НС | E93: =IF(C93=5,1,0) | F93: =IF(C93=6,1,0) | G93: =E93+F93
B94: 88 | C94: =Опросник!Q245 | D94: ПО | E94: =IF(C94=5,1,0) | F94: =IF(C94=6,1,0) | G94: =E94+F94
B95: 89 | C95: =Опросник!Q247 | D95: НП | E95: =IF(C95=5,1,0) | F95: =IF(C95=6,1,0) | G95: =E95+F95
B96: 90 | C96: =Опросник!Q249 | D96: ПК | E96: =IF(C96=5,1,0) | F96: =IF(C96=6,1,0) | G96: =E96+F96
B99: Схема | C99: Код | D99: Средний балл | E99: 5 или 6 | F99: Сумма баллов | G99: Тестовый показатель | H99: Уровень т/п | J99: Группа схем | K99: Средний балл | L99: 5 или 6
B100: 1. Эмоциональная депривация (РСО) | C100: ЭД | D100: =(C7+C25+C43+C61+C79)/5 | E100: =G7+G25+G43+G61+G79 | F100: =C7+C25+C43+C61+C79 | G100: =(F100-5)/25*100% | H100: =IF(G100<=20%,"низкий",IF(G100<=40%,"пониженный",IF(G100<=60%,"средний",IF(G100<=80%,"повышенный","высокий")))) | J100: Разобщенность и отвержение (РСО) | K100: =(D100+D101+D102+D103+D104)/5 | L100: =E100+E101+E102+E103+E104
B101: 2. Покинутость / нестабильность (РСО) | C101: ПН | D101: =(C8+C26+C44+C62+C80)/5 | E101: =G8+G26+G44+G62+G80 | F101: =C8+C26+C44+C62+C80 | G101: =(F101-5)/25*100% | H101: =IF(G101<=20%,"низкий",IF(G101<=40%,"пониженный",IF(G101<=60%,"средний",IF(G101<=80%,"повышенный","высокий")))) | J101: Нарушение личностной автономии и непризнание достижений (НЛАНД) | K101: =(D105+D106+D107+D108)/4 | L101: =E105+E106+E107+E108
B102: 3. Недоверие / насилие (РСО) | C102: НН | D102: =(C9+C27+C45+C63+C81)/5 | E102: =G9+G27+G45+G63+G81 | F102: =C9+C27+C45+C63+C81 | G102: =(F102-5)/25*100% | H102: =IF(G102<=20%,"низкий",IF(G102<=40%,"пониженный",IF(G102<=60%,"средний",IF(G102<=80%,"повышенный","высокий")))) | J102: Нарушенные границы (НГ) | K102: =(D113+D114)/2 | L102: =E113+E114
B103: 4. Социальная изоляция/ отчуждение (РСО) | C103: СИО | D103: =(C10+C28+C46+C64+C82)/5 | E103: =G10+G28+G46+G64+G82 | F103: =C10+C28+C46+C64+C82 | G103: =(F103-5)/25*100% | H103: =IF(G103<=20%,"низкий",IF(G103<=40%,"пониженный",IF(G103<=60%,"средний",IF(G103<=80%,"повышенный","высокий")))) | J103: Направленность на других (НД) | K103: =(D109+D110+D115)/3 | L103: =E109+E110+E115
B104: 5. Дефективность / стыд (РСО) | C104: ДС | D104: =(C11+C29+C47+C65+C83)/5 | E104: =G11+G29+G47+G65+G83 | F104: =C11+C29+C47+C65+C83 | G104: =(F104-5)/25*100% | H104: =IF(G104<=20%,"низкий",IF(G104<=40%,"пониженный",IF(G104<=60%,"средний",IF(G104<=80%,"повышенный","высокий")))) | J104: Сверхбдительность и подавление (СбП) | K104: =(D111+D112+D116+D117)/4 | L104: =E111+E112+E116+E117
B105: 6. Неуспешность / обреченность на неудачу (НЛАНД) | C105: НО | D105: =(C12+C30+C48+C66+C84)/5 | E105: =G12+G30+G48+G66+G84 | F105: =C12+C30+C48+C66+C84 | G105: =(F105-5)/25*100% | H105: =IF(G105<=20%,"низкий",IF(G105<=40%,"пониженный",IF(G105<=60%,"средний",IF(G105<=80%,"повышенный","высокий"))))
...
